conversation_id,condition,model_a,model_b,prompt_id,num_turns,repetitiveness,coherence,hedging,response_length_trend,vocab_diversity,question_freq,formality,sentiment_drift,turn_length_variance,detective_guess,detective_correct
conv_ai_ai_detective_claudesonnet4_grok41fast_D1_1775424532,ai_ai_detective,claude-sonnet-4,grok-4-1-fast,D1,20,0.0057,0.1523,0.3433,1.4912,0.3248,4.5,0.008,-0.0175,90.1174,ai,True
conv_ai_ai_detective_claudesonnet4_grok41fast_D2_1775424798,ai_ai_detective,claude-sonnet-4,grok-4-1-fast,D2,20,0.0049,0.1579,0.5223,6.1333,0.368,3.6,0.0059,0.0463,74.3456,ai,True
conv_ai_ai_detective_claudesonnet4_grok41fast_D5_1775424401,ai_ai_detective,claude-sonnet-4,grok-4-1-fast,D5,20,0.0131,0.1458,0.3203,1.0526,0.3675,3.3,0.0263,0.0685,68.2086,human,False
conv_ai_ai_detective_claudesonnet4_llama4scout_D1_1775424273,ai_ai_detective,claude-sonnet-4,llama-4-scout,D1,20,0.0278,0.2042,1.0044,-2.4474,0.2072,1.35,0.0613,0.0095,102.4653,ai,True
conv_ai_ai_detective_claudesonnet4_llama4scout_D3_1775424100,ai_ai_detective,claude-sonnet-4,llama-4-scout,D3,20,0.0218,0.2361,0.9957,1.7158,0.2177,1.1,0.0372,0.0805,83.5346,human,False
conv_ai_ai_detective_claudesonnet4_llama4scout_D5_1775423927,ai_ai_detective,claude-sonnet-4,llama-4-scout,D5,20,0.0238,0.2465,1.5043,0.1667,0.1948,1.7,0.0355,0.0038,37.4619,human,False
conv_ai_ai_detective_gemini25flash_claudesonnet4_D1_1775425474,ai_ai_detective,gemini-2.5-flash,claude-sonnet-4,D1,20,0.0149,0.213,0.7031,10.6825,0.1995,4.95,0.0369,0.0231,104.2776,ai,True
conv_ai_ai_detective_gemini25flash_claudesonnet4_D2_1775425168,ai_ai_detective,gemini-2.5-flash,claude-sonnet-4,D2,20,0.0209,0.2428,0.8905,3.9789,0.2248,1.1,0.0277,0.0242,56.6132,ai,True
conv_ai_ai_detective_gemini25flash_claudesonnet4_D4_1775425309,ai_ai_detective,gemini-2.5-flash,claude-sonnet-4,D4,20,0.0092,0.2225,0.9108,3.8912,0.2352,1.05,0.0596,0.0652,153.4052,human,False
conv_ai_ai_detective_gemini25flash_llama4scout_D1_1775425098,ai_ai_detective,gemini-2.5-flash,llama-4-scout,D1,20,0.016,0.1813,0.4483,23.8211,0.2516,1.2,0.0368,0.0205,200.6033,ai,True
conv_ai_ai_detective_gemini25flash_llama4scout_D2_1775425042,ai_ai_detective,gemini-2.5-flash,llama-4-scout,D2,20,0.0161,0.1922,0.6412,-0.8877,0.2209,0.9,0.0568,0.0977,145.5656,ai,True
conv_ai_ai_detective_gemini25flash_llama4scout_D5_1775424986,ai_ai_detective,gemini-2.5-flash,llama-4-scout,D5,20,0.0641,0.206,0.5543,-15.0404,0.2383,0.9,0.045,0.1037,139.7491,ai,True
conv_ai_ai_detective_gpt54_claudesonnet4_D3_1775423795,ai_ai_detective,gpt-5.4,claude-sonnet-4,D3,20,0.0072,0.1197,1.1883,-7.7825,0.3583,0.6,0.0,0.0978,73.307,ai,True
conv_ai_ai_detective_gpt54_claudesonnet4_D5_1775420885,ai_ai_detective,gpt-5.4,claude-sonnet-4,D5,20,0.0105,0.1872,1.4358,-3.9702,0.2396,1.45,0.0148,0.061,59.0256,ai,True
conv_ai_ai_detective_gpt54_gemini25flash_D1_1775413562,ai_ai_detective,gpt-5.4,gemini-2.5-flash,D1,20,0.0133,0.1021,0.5286,-1.9018,0.4026,0.65,0.0667,0.0395,27.3958,ai,True
conv_ai_ai_detective_gpt54_gemini25flash_D4_1775413488,ai_ai_detective,gpt-5.4,gemini-2.5-flash,D4,20,0.0324,0.0887,0.576,-5.9246,0.4677,0.2,0.1136,0.138,39.9031,ai,True
conv_ai_ai_detective_gpt54mini_claudesonnet4_D1_1775412587,ai_ai_detective,gpt-5.4-mini,claude-sonnet-4,D1,20,0.015,0.1436,1.5004,0.114,0.2816,0.9,0.0297,-0.0327,52.8735,ai,True
conv_ai_ai_detective_gpt54mini_claudesonnet4_D1_1775413294,ai_ai_detective,gpt-5.4-mini,claude-sonnet-4,D1,20,0.0199,0.1286,1.0692,-7.9316,0.3157,0.85,0.039,0.0682,62.3728,ai,True
conv_ai_ai_detective_gpt54mini_claudesonnet4_D4_1775413179,ai_ai_detective,gpt-5.4-mini,claude-sonnet-4,D4,20,0.0128,0.1605,1.1035,-4.093,0.3113,1.05,0.0,0.0341,55.7271,ai,True
conv_ai_ai_detective_gpt54mini_claudesonnet4_D5_1775412134,ai_ai_detective,gpt-5.4-mini,claude-sonnet-4,D5,20,0.0029,0.1086,1.4669,2.0491,0.2615,1.6,0.0235,-0.0074,91.6079,,
conv_ai_ai_detective_gpt54mini_claudesonnet4_D5_1775413093,ai_ai_detective,gpt-5.4-mini,claude-sonnet-4,D5,20,0.0229,0.1315,1.2813,-5.2421,0.2854,0.7,0.029,0.068,44.7009,ai,True
conv_ai_ai_detective_gpt54mini_llama4scout_D1_1775413385,ai_ai_detective,gpt-5.4-mini,llama-4-scout,D1,20,0.1246,0.1403,0.854,-2.1719,0.281,0.25,0.0303,0.0362,39.1778,ai,True
conv_ai_ai_detective_gpt54mini_llama4scout_D4_1775413417,ai_ai_detective,gpt-5.4-mini,llama-4-scout,D4,20,0.0781,0.1567,0.9275,-4.3404,0.2696,0.2,0.0,-0.1345,41.8726,ai,True
conv_ai_ai_detective_gpt54mini_llama4scout_D5_1775413454,ai_ai_detective,gpt-5.4-mini,llama-4-scout,D5,20,0.1466,0.1978,0.4911,-0.4456,0.2007,0.25,0.0625,0.032,48.5183,ai,True
conv_ai_ai_detective_grok41fast_claudesonnet4_D3_1775425709,ai_ai_detective,grok-4-1-fast,claude-sonnet-4,D3,20,0.0027,0.14,0.6696,3.0649,0.3816,2.5,0.0167,-0.0317,48.5896,human,False
conv_ai_ai_detective_grok41fast_claudesonnet4_D4_1775425966,ai_ai_detective,grok-4-1-fast,claude-sonnet-4,D4,20,0.0073,0.1767,1.1305,5.3509,0.3068,2.4,0.0,0.0226,47.9436,ai,True
conv_ai_ai_detective_grok41fast_claudesonnet4_D5_1775425836,ai_ai_detective,grok-4-1-fast,claude-sonnet-4,D5,20,0.005,0.1332,1.0601,-2.8754,0.3628,1.6,0.0,0.0075,41.1178,ai,True
conv_ai_ai_freeform_claudesonnet4_gemini25flash_F1_1775427182,ai_ai_freeform,claude-sonnet-4,gemini-2.5-flash,F1,20,0.005,0.2131,1.0246,-7.1526,0.3128,0.75,0.0139,0.1914,65.6813,,
conv_ai_ai_freeform_claudesonnet4_gemini25flash_F2_1775427411,ai_ai_freeform,claude-sonnet-4,gemini-2.5-flash,F2,20,0.0068,0.2313,1.0865,10.3526,0.2431,2.65,0.0291,0.0237,78.7476,,
conv_ai_ai_freeform_claudesonnet4_gemini25flash_F3_1775427255,ai_ai_freeform,claude-sonnet-4,gemini-2.5-flash,F3,20,0.0101,0.3256,0.5155,-0.3439,0.2119,1.45,0.0292,0.0867,64.4511,,
conv_ai_ai_freeform_claudesonnet4_grok41fast_F1_1775427549,ai_ai_freeform,claude-sonnet-4,grok-4-1-fast,F1,20,0.0011,0.1585,0.7377,5.8404,0.3914,4.25,0.0,-0.0729,56.1721,,
conv_ai_ai_freeform_claudesonnet4_grok41fast_F2_1775427686,ai_ai_freeform,claude-sonnet-4,grok-4-1-fast,F2,20,0.0024,0.1505,0.8434,1.9228,0.3877,3.35,0.0138,-0.0269,49.6175,,
conv_ai_ai_freeform_claudesonnet4_grok41fast_F5_1775427835,ai_ai_freeform,claude-sonnet-4,grok-4-1-fast,F5,20,0.0013,0.1727,0.3473,1.5281,0.3486,4.05,0.0074,0.0141,51.7955,,
conv_ai_ai_freeform_gemini25flash_grok41fast_F1_1775428314,ai_ai_freeform,gemini-2.5-flash,grok-4-1-fast,F1,20,0.0043,0.125,0.6242,8.0702,0.3442,1.0,0.044,-0.0026,96.1557,,
conv_ai_ai_freeform_gemini25flash_grok41fast_F3_1775428210,ai_ai_freeform,gemini-2.5-flash,grok-4-1-fast,F3,20,0.0028,0.1453,0.219,-12.5088,0.3807,1.45,0.0093,0.0681,127.9433,,
conv_ai_ai_freeform_gemini25flash_grok41fast_F5_1775428397,ai_ai_freeform,gemini-2.5-flash,grok-4-1-fast,F5,20,0.0028,0.1585,0.9107,7.3982,0.3452,2.9,0.0187,0.0612,111.3333,,
conv_ai_ai_freeform_gpt54_claudesonnet4_F1_1775424074,ai_ai_freeform,gpt-5.4,claude-sonnet-4,F1,20,0.007,0.211,1.2151,45.6526,0.1748,5.25,0.0258,-0.0057,461.3808,,
conv_ai_ai_freeform_gpt54_claudesonnet4_F2_1775424513,ai_ai_freeform,gpt-5.4,claude-sonnet-4,F2,20,0.0055,0.23,1.4401,9.1175,0.1854,2.9,0.0096,-0.0125,103.1821,,
conv_ai_ai_freeform_gpt54_claudesonnet4_F3_1775424861,ai_ai_freeform,gpt-5.4,claude-sonnet-4,F3,20,0.0052,0.1748,0.8368,26.8351,0.2629,2.4,0.0124,-0.0672,191.5847,,
conv_ai_ai_freeform_gpt54_gemini25flash_F2_1775425241,ai_ai_freeform,gpt-5.4,gemini-2.5-flash,F2,20,0.0053,0.2121,0.8714,22.9439,0.2118,1.5,0.0346,-0.0241,206.6562,,
conv_ai_ai_freeform_gpt54_gemini25flash_F3_1775425409,ai_ai_freeform,gpt-5.4,gemini-2.5-flash,F3,20,0.0054,0.1841,0.5109,40.5263,0.2221,2.7,0.0131,-0.0676,262.9485,,
conv_ai_ai_freeform_gpt54_gemini25flash_F4_1775425660,ai_ai_freeform,gpt-5.4,gemini-2.5-flash,F4,20,0.0035,0.0951,0.2414,27.3719,0.233,3.9,0.0107,0.027,529.2459,,
conv_ai_ai_freeform_gpt54_grok41fast_F1_1775426738,ai_ai_freeform,gpt-5.4,grok-4-1-fast,F1,20,0.003,0.1659,0.284,22.4825,0.337,3.8,0.0059,0.0473,152.2185,,
conv_ai_ai_freeform_gpt54_grok41fast_F2_1775426899,ai_ai_freeform,gpt-5.4,grok-4-1-fast,F2,20,0.0043,0.1591,0.5927,34.9561,0.2906,7.4,0.0082,-0.1087,272.3275,,
conv_ai_ai_freeform_gpt54_grok41fast_F4_1775426489,ai_ai_freeform,gpt-5.4,grok-4-1-fast,F4,20,0.0046,0.1468,0.1919,35.5877,0.3337,3.9,0.0031,0.067,222.4571,,
conv_ai_ai_freeform_gpt54mini_claudesonnet4_F1_1775423348,ai_ai_freeform,gpt-5.4-mini,claude-sonnet-4,F1,20,0.0082,0.2061,1.6492,10.5175,0.2639,1.6,0.0095,0.0629,62.3822,,
conv_ai_ai_freeform_gpt54mini_claudesonnet4_F3_1775413536,ai_ai_freeform,gpt-5.4-mini,claude-sonnet-4,F3,20,0.0103,0.1494,0.3857,8.8702,0.2929,0.95,0.017,-0.0271,99.2938,,
conv_ai_ai_freeform_gpt54mini_claudesonnet4_F5_1775413376,ai_ai_freeform,gpt-5.4-mini,claude-sonnet-4,F5,20,0.0078,0.1998,1.2095,11.4825,0.255,2.25,0.0078,-0.0047,69.3907,,
conv_ai_ai_freeform_gpt54mini_gemini25flash_F1_1775423537,ai_ai_freeform,gpt-5.4-mini,gemini-2.5-flash,F1,20,0.0104,0.1794,0.6856,20.993,0.2697,1.15,0.008,-0.0115,172.9657,,
conv_ai_ai_freeform_gpt54mini_gemini25flash_F3_1775423445,ai_ai_freeform,gpt-5.4-mini,gemini-2.5-flash,F3,20,0.009,0.183,0.2688,3.6228,0.2402,0.4,0.0175,0.0163,111.1975,,
conv_ai_ai_freeform_gpt54mini_gemini25flash_F5_1775423633,ai_ai_freeform,gpt-5.4-mini,gemini-2.5-flash,F5,20,0.127,0.1643,0.4898,16.0474,0.1604,0.95,0.0086,-0.0297,232.6525,,
conv_ai_ai_freeform_gpt54mini_gpt54_F1_1775413091,ai_ai_freeform,gpt-5.4-mini,gpt-5.4,F1,20,0.0068,0.1661,1.1714,19.8088,0.2506,0.65,0.011,-0.1156,242.593,,
conv_ai_ai_freeform_gpt54mini_gpt54_F2_1775411257,ai_ai_freeform,gpt-5.4-mini,gpt-5.4,F2,20,0.0027,0.1451,1.2303,-6.1596,0.3424,1.0,0.0,-0.0941,68.6596,,
conv_ai_ai_freeform_gpt54mini_gpt54_F2_1775411981,ai_ai_freeform,gpt-5.4-mini,gpt-5.4,F2,20,0.0034,0.2058,1.1013,9.3368,0.2533,1.6,0.0,0.0155,73.1529,,
conv_ai_ai_freeform_gpt54mini_gpt54_F3_1775413169,ai_ai_freeform,gpt-5.4-mini,gpt-5.4,F3,20,0.0131,0.1724,0.2169,-1.0842,0.2881,0.15,0.0,-0.0116,54.6705,,
conv_ai_ai_freeform_gpt54mini_gpt54_F5_1775413262,ai_ai_freeform,gpt-5.4-mini,gpt-5.4,F5,20,0.0069,0.2324,0.9877,11.1316,0.2224,0.9,0.0,-0.0361,95.3361,,
conv_ai_ai_freeform_gpt54mini_grok41fast_F3_1775423867,ai_ai_freeform,gpt-5.4-mini,grok-4-1-fast,F3,20,0.0081,0.1273,0.1178,-0.307,0.3781,2.15,0.012,0.0506,74.1012,,
conv_ai_ai_freeform_gpt54mini_grok41fast_F4_1775423710,ai_ai_freeform,gpt-5.4-mini,grok-4-1-fast,F4,20,0.0053,0.1143,0.3561,-0.7246,0.4298,1.95,0.0,0.0555,28.4491,,
conv_ai_ai_freeform_gpt54mini_grok41fast_F5_1775423794,ai_ai_freeform,gpt-5.4-mini,grok-4-1-fast,F5,20,0.0063,0.1264,0.3453,-0.4386,0.3621,0.8,0.0,0.0532,61.3337,,
conv_ai_ai_freeform_gpt54mini_llama4scout_F1_1775423947,ai_ai_freeform,gpt-5.4-mini,llama-4-scout,F1,20,0.0118,0.2258,1.4662,10.7474,0.1947,1.35,0.0081,-0.0976,82.2961,,
conv_ai_ai_freeform_gpt54mini_llama4scout_F2_1775423993,ai_ai_freeform,gpt-5.4-mini,llama-4-scout,F2,20,0.0132,0.2201,1.1924,7.1333,0.2098,1.4,0.0,-0.007,78.051,,
conv_ai_ai_freeform_gpt54mini_llama4scout_F5_1775424038,ai_ai_freeform,gpt-5.4-mini,llama-4-scout,F5,20,0.013,0.2817,1.4896,-8.914,0.2565,0.8,0.0115,0.1506,73.5287,,
conv_ai_ai_freeform_persona_claudesonnet4_gemini25flash_F2_1775424633,ai_ai_freeform_persona,claude-sonnet-4,gemini-2.5-flash,F2,20,0.0022,0.155,0.5291,-5.4912,0.3942,0.6,0.0,0.0301,43.4073,,
conv_ai_ai_freeform_persona_claudesonnet4_gemini25flash_F4_1775424748,ai_ai_freeform_persona,claude-sonnet-4,gemini-2.5-flash,F4,20,0.0024,0.1443,0.9606,-0.0684,0.3684,1.4,0.0625,0.0542,38.9442,,
conv_ai_ai_freeform_persona_claudesonnet4_gemini25flash_F5_1775424545,ai_ai_freeform_persona,claude-sonnet-4,gemini-2.5-flash,F5,20,0.0012,0.1711,0.9901,1.0158,0.367,0.75,0.0,-0.1443,19.6957,,
conv_ai_ai_freeform_persona_claudesonnet4_grok41fast_F2_1775425124,ai_ai_freeform_persona,claude-sonnet-4,grok-4-1-fast,F2,20,0.0008,0.1108,0.2203,0.2842,0.4192,1.05,0.0,0.076,31.919,,
conv_ai_ai_freeform_persona_claudesonnet4_grok41fast_F3_1775424909,ai_ai_freeform_persona,claude-sonnet-4,grok-4-1-fast,F3,20,0.0011,0.1268,0.4802,1.4439,0.416,1.05,0.0,-0.0474,33.4684,,
conv_ai_ai_freeform_persona_claudesonnet4_grok41fast_F5_1775425024,ai_ai_freeform_persona,claude-sonnet-4,grok-4-1-fast,F5,20,0.0014,0.1453,0.406,1.3193,0.431,1.75,0.0,-0.0464,24.7308,,
conv_ai_ai_freeform_persona_gemini25flash_grok41fast_F1_1775425610,ai_ai_freeform_persona,gemini-2.5-flash,grok-4-1-fast,F1,20,0.0012,0.1159,0.597,0.6351,0.4587,1.0,0.0893,-0.064,25.7765,,
conv_ai_ai_freeform_persona_gemini25flash_grok41fast_F2_1775425536,ai_ai_freeform_persona,gemini-2.5-flash,grok-4-1-fast,F2,20,0.0019,0.1229,0.4112,1.7421,0.4161,1.2,0.0,0.1106,24.5557,,
conv_ai_ai_freeform_persona_gemini25flash_grok41fast_F4_1775425470,ai_ai_freeform_persona,gemini-2.5-flash,grok-4-1-fast,F4,20,0.0039,0.1541,0.4087,-1.9614,0.4319,0.55,0.0,0.1198,13.1402,,
conv_ai_ai_freeform_persona_gpt54_claudesonnet4_F1_1775423860,ai_ai_freeform_persona,gpt-5.4,claude-sonnet-4,F1,20,0.0024,0.1457,0.9967,-0.5982,0.3721,0.5,0.0,-0.0797,35.3795,,
conv_ai_ai_freeform_persona_gpt54_claudesonnet4_F2_1775423755,ai_ai_freeform_persona,gpt-5.4,claude-sonnet-4,F2,20,0.0003,0.1474,0.625,-4.4368,0.4039,0.6,0.0,0.1046,32.8865,,
conv_ai_ai_freeform_persona_gpt54_claudesonnet4_F4_1775423636,ai_ai_freeform_persona,gpt-5.4,claude-sonnet-4,F4,20,0.0014,0.1663,0.6173,-1.1842,0.3673,0.55,0.0094,-0.0736,38.9281,,
conv_ai_ai_freeform_persona_gpt54_gemini25flash_F2_1775424000,ai_ai_freeform_persona,gpt-5.4,gemini-2.5-flash,F2,20,0.0059,0.158,0.9412,0.1281,0.3671,0.6,0.0217,0.0463,17.6905,,
conv_ai_ai_freeform_persona_gpt54_gemini25flash_F4_1775424122,ai_ai_freeform_persona,gpt-5.4,gemini-2.5-flash,F4,20,0.0023,0.1589,1.1659,0.2614,0.4009,0.55,0.0,0.0733,8.3752,,
conv_ai_ai_freeform_persona_gpt54_gemini25flash_F5_1775424063,ai_ai_freeform_persona,gpt-5.4,gemini-2.5-flash,F5,20,0.0036,0.1253,1.4911,1.1719,0.425,0.45,0.0638,-0.0161,19.8623,,
conv_ai_ai_freeform_persona_gpt54_grok41fast_F2_1775424182,ai_ai_freeform_persona,gpt-5.4,grok-4-1-fast,F2,20,0.0009,0.135,0.6098,0.7263,0.4329,0.85,0.0,0.0361,17.8627,,
conv_ai_ai_freeform_persona_gpt54_grok41fast_F3_1775424338,ai_ai_freeform_persona,gpt-5.4,grok-4-1-fast,F3,20,0.0014,0.1305,0.5513,-0.3175,0.4741,0.7,0.0,0.0543,9.4511,,
conv_ai_ai_freeform_persona_gpt54_grok41fast_F5_1775424263,ai_ai_freeform_persona,gpt-5.4,grok-4-1-fast,F5,20,0.0008,0.1247,0.6726,-0.7105,0.454,0.65,0.0,0.2718,14.3448,,
conv_ai_ai_freeform_persona_gpt54_llama4scout_F1_1775424409,ai_ai_freeform_persona,gpt-5.4,llama-4-scout,F1,20,0.0074,0.1529,0.4608,-0.4281,0.377,0.85,0.0,0.0694,12.1824,,
conv_ai_ai_freeform_persona_gpt54_llama4scout_F3_1775424454,ai_ai_freeform_persona,gpt-5.4,llama-4-scout,F3,20,0.0071,0.1284,1.0091,-0.3035,0.4188,0.5,0.0,-0.1586,7.3356,,
conv_ai_ai_freeform_persona_gpt54_llama4scout_F5_1775424497,ai_ai_freeform_persona,gpt-5.4,llama-4-scout,F5,20,0.0084,0.1385,1.0375,-0.2193,0.3695,0.25,0.0,0.0084,11.9024,,
conv_ai_ai_freeform_persona_gpt54mini_claudesonnet4_F1_1775413438,ai_ai_freeform_persona,gpt-5.4-mini,claude-sonnet-4,F1,20,0.0032,0.1492,1.5072,2.7246,0.3676,0.7,0.0,-0.0497,26.2777,,
conv_ai_ai_freeform_persona_gpt54mini_claudesonnet4_F4_1775413250,ai_ai_freeform_persona,gpt-5.4-mini,claude-sonnet-4,F4,20,0.0029,0.1599,0.9326,2.314,0.3409,0.4,0.0,-0.003,24.9298,,
conv_ai_ai_freeform_persona_gpt54mini_claudesonnet4_F5_1775413341,ai_ai_freeform_persona,gpt-5.4-mini,claude-sonnet-4,F5,20,0.0012,0.1604,1.3058,1.9456,0.3471,1.05,0.0,0.0271,19.8981,,
conv_ai_ai_freeform_persona_gpt54mini_gemini25flash_F3_1775413577,ai_ai_freeform_persona,gpt-5.4-mini,gemini-2.5-flash,F3,20,0.0025,0.16,0.959,-0.3737,0.4019,0.45,0.0,-0.0316,10.6833,,
conv_ai_ai_freeform_persona_gpt54mini_gemini25flash_F4_1775423293,ai_ai_freeform_persona,gpt-5.4-mini,gemini-2.5-flash,F4,20,0.0028,0.1537,1.1191,0.6579,0.3933,0.65,0.0,0.0542,15.6616,,
conv_ai_ai_freeform_persona_gpt54mini_gemini25flash_F5_1775413525,ai_ai_freeform_persona,gpt-5.4-mini,gemini-2.5-flash,F5,20,0.009,0.1335,1.0917,2.0298,0.3384,0.4,0.0,0.0728,24.6361,,
conv_ai_ai_freeform_persona_gpt54mini_gpt54_F1_1775413144,ai_ai_freeform_persona,gpt-5.4-mini,gpt-5.4,F1,20,0.0046,0.1603,0.9615,-0.3053,0.4263,0.4,0.0,-0.0094,7.416,,
conv_ai_ai_freeform_persona_gpt54mini_gpt54_F2_1775413194,ai_ai_freeform_persona,gpt-5.4-mini,gpt-5.4,F2,20,0.0057,0.1894,0.8071,-1.0421,0.364,0.3,0.0,0.0042,14.1108,,
conv_ai_ai_freeform_persona_gpt54mini_gpt54_F3_1775411873,ai_ai_freeform_persona,gpt-5.4-mini,gpt-5.4,F3,20,0.0015,0.1426,0.8658,-0.286,0.4365,0.25,0.0,-0.0599,10.4394,,
conv_ai_ai_freeform_persona_gpt54mini_gpt54_F3_1775412079,ai_ai_freeform_persona,gpt-5.4-mini,gpt-5.4,F3,20,0.0071,0.1786,1.7127,-1.0333,0.4006,0.2,0.0833,-0.0377,8.5629,,
conv_ai_ai_freeform_persona_gpt54mini_gpt54_F5_1775413092,ai_ai_freeform_persona,gpt-5.4-mini,gpt-5.4,F5,20,0.002,0.1698,1.1617,0.0825,0.3785,0.5,0.0,0.0845,9.7401,,
conv_ai_ai_freeform_persona_gpt54mini_grok41fast_F1_1775423345,ai_ai_freeform_persona,gpt-5.4-mini,grok-4-1-fast,F1,20,0.0044,0.1441,0.7361,0.1842,0.429,0.8,0.0,-0.0361,14.7729,,
conv_ai_ai_freeform_persona_gpt54mini_grok41fast_F2_1775423400,ai_ai_freeform_persona,gpt-5.4-mini,grok-4-1-fast,F2,20,0.0007,0.1426,0.9917,0.9035,0.4132,0.65,0.0,-0.0516,15.0572,,
conv_ai_ai_freeform_persona_gpt54mini_grok41fast_F3_1775423465,ai_ai_freeform_persona,gpt-5.4-mini,grok-4-1-fast,F3,20,0.0059,0.1176,0.6863,0.2614,0.4324,0.55,0.0,-0.0467,16.9652,,
conv_ai_ai_freeform_persona_gpt54mini_llama4scout_F2_1775423565,ai_ai_freeform_persona,gpt-5.4-mini,llama-4-scout,F2,20,0.0073,0.1655,1.2019,-0.2789,0.3654,0.2,0.0175,0.1324,10.5174,,
conv_ai_ai_freeform_persona_gpt54mini_llama4scout_F3_1775423600,ai_ai_freeform_persona,gpt-5.4-mini,llama-4-scout,F3,20,0.007,0.1623,0.8505,0.1649,0.3366,0.65,0.0159,0.1076,10.3864,,
conv_ai_ai_freeform_persona_gpt54mini_llama4scout_F4_1775423530,ai_ai_freeform_persona,gpt-5.4-mini,llama-4-scout,F4,20,0.0073,0.1597,0.6012,-0.1649,0.3657,0.3,0.0,0.2219,12.2906,,
conv_ai_ai_reverse_turing_claudesonnet4_gpt54mini_F2_1775423379,ai_ai_reverse_turing,claude-sonnet-4,gpt-5.4-mini,F2,20,0.0044,0.2099,1.0514,-0.9018,0.2589,2.05,0.0,0.0547,44.8666,,
conv_ai_ai_reverse_turing_claudesonnet4_gpt54mini_F4_1775413578,ai_ai_reverse_turing,claude-sonnet-4,gpt-5.4-mini,F4,20,0.0054,0.1876,0.5996,3.2667,0.2633,1.75,0.0063,-0.0001,43.4148,,
conv_ai_ai_reverse_turing_claudesonnet4_llama4scout_F3_1775423504,ai_ai_reverse_turing,claude-sonnet-4,llama-4-scout,F3,20,0.0198,0.2082,1.891,-3.8754,0.2287,2.5,0.0403,0.0655,46.8862,,
conv_ai_ai_reverse_turing_claudesonnet4_llama4scout_F4_1775423625,ai_ai_reverse_turing,claude-sonnet-4,llama-4-scout,F4,20,0.0076,0.2168,1.3427,-0.5807,0.2255,3.9,0.0148,-0.0398,27.3351,,
conv_ai_ai_reverse_turing_gemini25flash_claudesonnet4_F1_1775423967,ai_ai_reverse_turing,gemini-2.5-flash,claude-sonnet-4,F1,20,0.0034,0.2189,0.9755,9.6579,0.2646,2.5,0.009,-0.0819,76.8699,,
conv_ai_ai_reverse_turing_gemini25flash_claudesonnet4_F2_1775423748,ai_ai_reverse_turing,gemini-2.5-flash,claude-sonnet-4,F2,20,0.0075,0.2088,1.1099,5.7298,0.2333,3.5,0.0341,-0.0387,94.4141,,
conv_ai_ai_reverse_turing_gemini25flash_gpt54mini_F1_1775424177,ai_ai_reverse_turing,gemini-2.5-flash,gpt-5.4-mini,F1,20,0.0018,0.1775,1.0413,2.0614,0.307,1.9,0.0,0.042,55.9133,,
conv_ai_ai_reverse_turing_gemini25flash_gpt54mini_F3_1775424242,ai_ai_reverse_turing,gemini-2.5-flash,gpt-5.4-mini,F3,20,0.0035,0.1889,0.9236,-0.1912,0.2731,1.2,0.0,0.1067,45.5242,,
conv_ai_ai_reverse_turing_gpt54mini_claudesonnet4_F4_1775413263,ai_ai_reverse_turing,gpt-5.4-mini,claude-sonnet-4,F4,20,0.0076,0.2198,1.1837,2.8895,0.2349,1.35,0.0,0.109,45.1781,,
conv_ai_ai_reverse_turing_gpt54mini_claudesonnet4_F5_1775413397,ai_ai_reverse_turing,gpt-5.4-mini,claude-sonnet-4,F5,20,0.0039,0.1907,1.2635,1.586,0.2663,1.85,0.0,0.0362,34.3709,,
conv_ai_ai_reverse_turing_gpt54mini_gemini25flash_F3_1775413185,ai_ai_reverse_turing,gpt-5.4-mini,gemini-2.5-flash,F3,20,0.0036,0.1873,1.1201,-5.5,0.2844,1.55,0.0088,0.0159,62.4417,,
conv_ai_ai_reverse_turing_gpt54mini_gemini25flash_F5_1775413094,ai_ai_reverse_turing,gpt-5.4-mini,gemini-2.5-flash,F5,20,0.0029,0.1841,0.9539,-5.1667,0.2716,1.65,0.018,0.0645,89.8111,,
conv_ai_ai_reverse_turing_gpt54mini_llama4scout_F1_1775412257,ai_ai_reverse_turing,gpt-5.4-mini,llama-4-scout,F1,20,0.011,0.1716,1.0912,-6.9807,0.279,1.2,0.0097,0.0913,81.0011,,
conv_ai_ai_reverse_turing_gpt54mini_llama4scout_F1_1775412731,ai_ai_reverse_turing,gpt-5.4-mini,llama-4-scout,F1,20,0.0122,0.1455,1.3915,4.5509,0.2809,1.3,0.0,0.078,69.8847,,
conv_ai_ai_reverse_turing_gpt54mini_llama4scout_F4_1775412779,ai_ai_reverse_turing,gpt-5.4-mini,llama-4-scout,F4,20,0.0107,0.1974,1.2462,-0.7298,0.2354,1.15,0.0086,0.1236,59.762,,
conv_ai_ai_reverse_turing_llama4scout_gemini25flash_F2_1775424480,ai_ai_reverse_turing,llama-4-scout,gemini-2.5-flash,F2,20,0.036,0.2563,1.0489,-3.1351,0.2098,2.35,0.0796,0.1102,74.5777,,
conv_ai_ai_reverse_turing_llama4scout_gemini25flash_F5_1775424403,ai_ai_reverse_turing,llama-4-scout,gemini-2.5-flash,F5,20,0.0957,0.2071,0.8652,-6.9404,0.2237,1.95,0.0367,0.1087,99.5112,,
conv_ai_ai_reverse_turing_llama4scout_gpt54mini_F1_1775424360,ai_ai_reverse_turing,llama-4-scout,gpt-5.4-mini,F1,20,0.0101,0.19,1.5291,2.5912,0.2436,1.75,0.0,0.1208,86.8902,,
conv_ai_ai_reverse_turing_llama4scout_gpt54mini_F5_1775424310,ai_ai_reverse_turing,llama-4-scout,gpt-5.4-mini,F5,20,0.0118,0.2048,1.6712,0.493,0.23,2.15,0.0,0.0059,66.7687,,
conv_ai_ai_structured_claudesonnet4_gemini25flash_S10_1775425345,ai_ai_structured,claude-sonnet-4,gemini-2.5-flash,S10,15,0.0076,0.2279,0.3753,-24.2396,0.2662,0.9333,0.0292,0.1053,137.4025,,
conv_ai_ai_structured_claudesonnet4_gemini25flash_S1_1775423896,ai_ai_structured,claude-sonnet-4,gemini-2.5-flash,S1,15,0.0082,0.2114,0.5493,-20.4242,0.24,3.7333,0.0593,0.0636,215.2207,,
conv_ai_ai_structured_claudesonnet4_gemini25flash_S2_1775424127,ai_ai_structured,claude-sonnet-4,gemini-2.5-flash,S2,15,0.0069,0.21,0.4566,-13.1121,0.262,0.6,0.067,0.0654,172.4116,,
conv_ai_ai_structured_claudesonnet4_gemini25flash_S3_1775424284,ai_ai_structured,claude-sonnet-4,gemini-2.5-flash,S3,15,0.0052,0.1941,0.7831,9.5934,0.2848,1.4667,0.0508,-0.0025,85.059,,
conv_ai_ai_structured_claudesonnet4_gemini25flash_S4_1775424410,ai_ai_structured,claude-sonnet-4,gemini-2.5-flash,S4,15,0.0087,0.2074,0.9149,17.3165,0.2165,3.8,0.0137,0.0504,352.4531,,
conv_ai_ai_structured_claudesonnet4_gemini25flash_S5_1775424540,ai_ai_structured,claude-sonnet-4,gemini-2.5-flash,S5,15,0.0099,0.2322,0.5366,-12.5473,0.2648,0.8,0.0201,0.1216,156.7603,,
conv_ai_ai_structured_claudesonnet4_gemini25flash_S6_1775424675,ai_ai_structured,claude-sonnet-4,gemini-2.5-flash,S6,15,0.0083,0.194,0.9013,1.9231,0.2094,3.0667,0.0206,-0.0091,252.7111,,
conv_ai_ai_structured_claudesonnet4_gemini25flash_S7_1775424887,ai_ai_structured,claude-sonnet-4,gemini-2.5-flash,S7,15,0.0058,0.227,0.8344,1.989,0.2312,2.8,0.0172,-0.015,125.6869,,
conv_ai_ai_structured_claudesonnet4_gemini25flash_S8_1775425035,ai_ai_structured,claude-sonnet-4,gemini-2.5-flash,S8,15,0.0069,0.2252,1.0352,-4.8484,0.2484,1.1333,0.0373,-0.0446,161.4633,,
conv_ai_ai_structured_claudesonnet4_gemini25flash_S9_1775425164,ai_ai_structured,claude-sonnet-4,gemini-2.5-flash,S9,15,0.0095,0.2335,0.4325,-23.2967,0.2284,2.2667,0.0502,0.0672,240.0365,,
conv_ai_ai_structured_gemini25flash_grok41fast_S10_1775426662,ai_ai_structured,gemini-2.5-flash,grok-4-1-fast,S10,15,0.0036,0.1716,0.2415,25.4154,0.2789,5.7333,0.0,-0.0011,192.2118,,
conv_ai_ai_structured_gemini25flash_grok41fast_S1_1775425466,ai_ai_structured,gemini-2.5-flash,grok-4-1-fast,S1,15,0.0059,0.1771,0.1737,-18.0725,0.2734,4.2667,0.0408,-0.0105,218.1417,,
conv_ai_ai_structured_gemini25flash_grok41fast_S2_1775425607,ai_ai_structured,gemini-2.5-flash,grok-4-1-fast,S2,15,0.0015,0.1421,0.1639,18.0813,0.3315,1.7333,0.0517,0.0254,179.7409,,
conv_ai_ai_structured_gemini25flash_grok41fast_S3_1775425699,ai_ai_structured,gemini-2.5-flash,grok-4-1-fast,S3,15,0.0032,0.1586,0.2755,4.0791,0.3402,1.2667,0.0202,0.07,105.2303,,
conv_ai_ai_structured_gemini25flash_grok41fast_S4_1775425790,ai_ai_structured,gemini-2.5-flash,grok-4-1-fast,S4,15,0.0041,0.2052,0.6564,-12.8989,0.3277,1.2,0.0097,0.1378,68.2176,,
conv_ai_ai_structured_gemini25flash_grok41fast_S5_1775425858,ai_ai_structured,gemini-2.5-flash,grok-4-1-fast,S5,15,0.0053,0.1509,0.0512,1.6549,0.235,2.6667,0.0758,-0.0641,196.2868,,
conv_ai_ai_structured_gemini25flash_grok41fast_S6_1775426123,ai_ai_structured,gemini-2.5-flash,grok-4-1-fast,S6,15,0.0029,0.1623,0.4677,25.178,0.2633,3.8,0.0448,-0.0033,272.6809,,
conv_ai_ai_structured_gemini25flash_grok41fast_S7_1775426261,ai_ai_structured,gemini-2.5-flash,grok-4-1-fast,S7,15,0.0069,0.2231,0.2421,-4.4791,0.2546,3.8,0.0136,0.0415,138.0832,,
conv_ai_ai_structured_gemini25flash_grok41fast_S8_1775426433,ai_ai_structured,gemini-2.5-flash,grok-4-1-fast,S8,15,0.0042,0.1561,0.2682,24.7297,0.3017,3.2667,0.034,-0.0987,192.6514,,
conv_ai_ai_structured_gemini25flash_grok41fast_S9_1775426547,ai_ai_structured,gemini-2.5-flash,grok-4-1-fast,S9,15,0.0038,0.1416,0.3989,25.789,0.2834,4.6667,0.0469,-0.0407,353.5777,,
conv_ai_ai_structured_gpt54mini_claudesonnet4_S10_1775423745,ai_ai_structured,gpt-5.4-mini,claude-sonnet-4,S10,15,0.0129,0.1981,0.329,22.7648,0.2028,1.6667,0.0,-0.0088,169.4169,,
conv_ai_ai_structured_gpt54mini_claudesonnet4_S1_1775412302,ai_ai_structured,gpt-5.4-mini,claude-sonnet-4,S1,15,0.0095,0.2009,1.3411,-8.0396,0.2737,1.6,0.0,0.0869,72.0553,,
conv_ai_ai_structured_gpt54mini_claudesonnet4_S1_1775412831,ai_ai_structured,gpt-5.4-mini,claude-sonnet-4,S1,15,0.0104,0.1889,0.3959,14.644,0.2219,2.9333,0.007,-0.0243,208.1439,,
conv_ai_ai_structured_gpt54mini_claudesonnet4_S1_1775413096,ai_ai_structured,gpt-5.4-mini,claude-sonnet-4,S1,15,0.0141,0.1925,0.3351,6.3692,0.2291,2.6,0.0068,0.0208,139.3943,,
conv_ai_ai_structured_gpt54mini_claudesonnet4_S2_1775412957,ai_ai_structured,gpt-5.4-mini,claude-sonnet-4,S2,15,0.0181,0.2225,0.4714,20.2967,0.2194,1.5333,0.0133,-0.0103,133.8926,,
conv_ai_ai_structured_gpt54mini_claudesonnet4_S2_1775413210,ai_ai_structured,gpt-5.4-mini,claude-sonnet-4,S2,15,0.0123,0.2332,0.4049,8.7385,0.1874,1.0,0.0107,0.0126,182.6995,,
conv_ai_ai_structured_gpt54mini_claudesonnet4_S3_1775413318,ai_ai_structured,gpt-5.4-mini,claude-sonnet-4,S3,15,0.0039,0.1496,0.5099,8.3451,0.2734,1.0,0.0,0.1377,239.931,,
conv_ai_ai_structured_gpt54mini_claudesonnet4_S4_1775413439,ai_ai_structured,gpt-5.4-mini,claude-sonnet-4,S4,15,0.0232,0.1685,1.1029,-12.1143,0.2985,0.2,0.0145,0.1308,64.5477,,
conv_ai_ai_structured_gpt54mini_claudesonnet4_S5_1775413501,ai_ai_structured,gpt-5.4-mini,claude-sonnet-4,S5,15,0.0164,0.1908,0.3918,13.9385,0.2335,3.9333,0.0233,-0.0345,219.2117,,
conv_ai_ai_structured_gpt54mini_claudesonnet4_S6_1775413612,ai_ai_structured,gpt-5.4-mini,claude-sonnet-4,S6,15,0.0133,0.223,0.9172,12.4396,0.2318,2.2667,0.0,-0.0738,80.2094,,
conv_ai_ai_structured_gpt54mini_claudesonnet4_S7_1775423383,ai_ai_structured,gpt-5.4-mini,claude-sonnet-4,S7,15,0.0211,0.2058,0.6032,5.3319,0.1776,1.4667,0.0036,-0.0479,271.115,,
conv_ai_ai_structured_gpt54mini_claudesonnet4_S8_1775423512,ai_ai_structured,gpt-5.4-mini,claude-sonnet-4,S8,15,0.0132,0.2314,0.5964,13.5912,0.2214,6.8,0.0151,-0.0399,98.4465,,
conv_ai_ai_structured_gpt54mini_claudesonnet4_S9_1775423617,ai_ai_structured,gpt-5.4-mini,claude-sonnet-4,S9,15,0.0353,0.1861,1.0218,13.0681,0.2123,2.7333,0.0075,-0.0221,179.8824,,
conv_ai_ai_structured_grok41fast_gpt54mini_S10_1775427543,ai_ai_structured,grok-4-1-fast,gpt-5.4-mini,S10,15,0.0082,0.1822,0.1356,3.2703,0.3126,2.2667,0.0102,-0.0035,31.4753,,
conv_ai_ai_structured_grok41fast_gpt54mini_S1_1775426803,ai_ai_structured,grok-4-1-fast,gpt-5.4-mini,S1,15,0.0051,0.1659,0.1071,4.5956,0.2948,3.3333,0.006,-0.0654,135.8842,,
conv_ai_ai_structured_grok41fast_gpt54mini_S2_1775426913,ai_ai_structured,grok-4-1-fast,gpt-5.4-mini,S2,15,0.0121,0.1389,0.1278,0.0989,0.3115,0.6,0.013,0.063,81.3971,,
conv_ai_ai_structured_grok41fast_gpt54mini_S3_1775426969,ai_ai_structured,grok-4-1-fast,gpt-5.4-mini,S3,15,0.0023,0.1279,0.0,2.3011,0.3952,0.2667,0.0,0.0347,47.0176,,
conv_ai_ai_structured_grok41fast_gpt54mini_S4_1775427024,ai_ai_structured,grok-4-1-fast,gpt-5.4-mini,S4,15,0.0069,0.1902,0.6289,-6.7429,0.2893,2.4667,0.0,0.0084,92.3995,,
conv_ai_ai_structured_grok41fast_gpt54mini_S5_1775427083,ai_ai_structured,grok-4-1-fast,gpt-5.4-mini,S5,15,0.0117,0.1775,0.1153,1.7319,0.2713,2.0667,0.0163,-0.1103,96.696,,
conv_ai_ai_structured_grok41fast_gpt54mini_S6_1775427153,ai_ai_structured,grok-4-1-fast,gpt-5.4-mini,S6,15,0.0246,0.1982,0.3445,1.5121,0.2188,2.4,0.0,-0.0437,159.3194,,
conv_ai_ai_structured_grok41fast_gpt54mini_S7_1775427220,ai_ai_structured,grok-4-1-fast,gpt-5.4-mini,S7,15,0.0008,0.1412,0.3347,2.6462,0.2288,2.6,0.0038,-0.0286,227.952,,
conv_ai_ai_structured_grok41fast_gpt54mini_S8_1775427400,ai_ai_structured,grok-4-1-fast,gpt-5.4-mini,S8,15,0.0072,0.1567,0.457,7.3011,0.3077,2.7333,0.0099,0.002,88.421,,
conv_ai_ai_structured_grok41fast_gpt54mini_S9_1775427469,ai_ai_structured,grok-4-1-fast,gpt-5.4-mini,S9,15,0.0089,0.1493,0.2629,1.1758,0.3041,2.1333,0.0096,-0.0354,123.3975,,
conv_human_ai_wildchat_0000,human_ai,human,gpt-4-0314,WC,14,0.1461,0.2084,0.2714,-0.9505,0.1404,0.3571,0.3333,0.0145,80.1188,,
conv_human_ai_wildchat_0001,human_ai,human,gpt-4-0314,WC,12,0.2168,0.1209,0.09,-5.0909,0.1381,0.25,0.0192,-0.1454,145.1146,,
conv_human_ai_wildchat_0002,human_ai,human,gpt-3.5-turbo-0301,WC,8,0.0099,0.1175,0.6394,3.5,0.3542,0.625,0.12,0.1751,87.3167,,
conv_human_ai_wildchat_0003,human_ai,human,gpt-3.5-turbo-0301,WC,10,0.0379,0.0624,0.0,1.3167,0.4437,0.6,0.2,0.1264,22.546,,
conv_human_ai_wildchat_0004,human_ai,human,gpt-3.5-turbo-0301,WC,8,0.0773,0.0776,0.6243,3.5714,0.3621,0.375,0.0541,-0.0146,39.6227,,
conv_human_ai_wildchat_0005,human_ai,human,gpt-3.5-turbo-0301,WC,12,0.1203,0.0438,0.0,5.2545,0.3687,0.1667,0.0167,0.0561,61.3041,,
conv_human_ai_wildchat_0006,human_ai,human,gpt-3.5-turbo-0301,WC,10,0.0206,0.0168,0.0,17.8667,0.2847,0.3,0.0,0.0223,100.6859,,
conv_human_ai_wildchat_0007,human_ai,human,gpt-4-0314,WC,8,0.027,0.0715,0.237,-22.3214,0.3049,0.125,0.0556,-0.2194,115.8743,,
conv_human_ai_wildchat_0008,human_ai,human,gpt-4-0314,WC,8,0.0503,0.1746,0.1009,-6.75,0.2624,0.75,0.037,-0.0625,63.6367,,
conv_human_ai_wildchat_0009,human_ai,human,gpt-4-0314,WC,20,0.0731,0.0455,0.0,-6.1123,0.4544,0.05,0.0526,-0.018,75.1338,,
conv_human_ai_wildchat_0010,human_ai,human,gpt-4-0314,WC,10,0.0054,0.1503,0.0,-7.4833,0.2123,0.5,0.0667,-0.0619,120.2562,,
conv_human_ai_wildchat_0011,human_ai,human,gpt-4-0314,WC,10,0.1889,0.1363,0.123,9.45,0.1328,2.9,0.012,0.0302,120.3985,,
conv_human_ai_wildchat_0012,human_ai,human,gpt-4-0314,WC,18,0.0383,0.0429,0.0595,-1.1005,0.406,0.3889,0.0328,-0.0875,107.0772,,
conv_human_ai_wildchat_0013,human_ai,human,gpt-3.5-turbo-0301,WC,10,0.3561,0.2377,0.0,-7.0333,0.1756,0.0,0.4286,0.0119,52.7161,,
conv_human_ai_wildchat_0014,human_ai,human,gpt-4-0314,WC,8,0.0006,0.0367,0.3527,-3.8571,0.4397,0.375,0.0328,0.1226,193.652,,
conv_human_ai_wildchat_0015,human_ai,human,gpt-4-0314,WC,8,0.2036,0.1687,0.0,-2.75,0.3308,0.5,0.0,-0.0765,28.3988,,
conv_human_ai_wildchat_0016,human_ai,human,gpt-3.5-turbo-0301,WC,8,0.0127,0.1364,0.7282,14.8571,0.4005,0.5,0.0172,-0.0783,43.4272,,
conv_human_ai_wildchat_0017,human_ai,human,gpt-3.5-turbo-0301,WC,20,0.4643,0.0894,0.0,-4.9351,0.1427,0.0,0.2667,-0.0016,47.5631,,
conv_human_ai_wildchat_0018,human_ai,human,gpt-3.5-turbo-0301,WC,16,0.1578,0.1426,0.049,6.6929,0.1607,0.0,0.0545,0.0082,93.9555,,
conv_human_ai_wildchat_0019,human_ai,human,gpt-3.5-turbo-0301,WC,8,0.0,0.0183,0.0,-13.2857,0.609,0.375,0.0,-0.2512,54.9987,,
conv_human_ai_wildchat_0020,human_ai,human,gpt-4-0314,WC,8,0.0033,0.0278,0.2855,-93.7143,0.4013,0.375,0.0307,0.0042,354.4572,,
conv_human_ai_wildchat_0021,human_ai,human,gpt-4-0314,WC,8,0.0202,0.0546,0.6337,-37.7143,0.4854,0.375,0.0638,0.2423,117.4314,,
conv_human_ai_wildchat_0022,human_ai,human,gpt-4-0314,WC,14,0.2157,0.1297,0.0707,10.2912,0.1141,2.5,0.0042,0.0433,147.2876,,
conv_human_ai_wildchat_0023,human_ai,human,gpt-3.5-turbo-0301,WC,8,0.0,0.1389,0.0,1.6071,0.539,0.625,0.0,0.4402,4.9816,,
conv_human_ai_wildchat_0024,human_ai,human,gpt-3.5-turbo-0301,WC,12,0.1571,0.016,0.2361,-2.1818,0.2361,0.0833,0.1667,0.0879,76.8143,,
conv_human_ai_wildchat_0025,human_ai,human,gpt-4-0314,WC,14,0.1948,0.1011,0.0,-22.4396,0.2785,0.0714,0.0213,0.0167,232.3096,,
conv_human_ai_wildchat_0026,human_ai,human,gpt-3.5-turbo-0301,WC,10,0.0132,0.2063,0.194,0.0833,0.3831,0.2,0.2766,0.0461,52.9083,,
conv_human_ai_wildchat_0027,human_ai,human,gpt-3.5-turbo-0301,WC,16,0.0021,0.0526,0.0,-8.8214,0.4154,0.0,0.0408,0.0815,94.7121,,
conv_human_ai_wildchat_0028,human_ai,human,gpt-3.5-turbo-0301,WC,10,0.0284,0.1437,0.0,3.8333,0.4121,0.1,0.1818,0.0017,31.7599,,
conv_human_ai_wildchat_0029,human_ai,human,gpt-4-0314,WC,10,0.0,0.0593,0.2198,-5.05,0.5264,0.4,0.0,0.1796,148.4228,,
conv_human_ai_wildchat_0030,human_ai,human,gpt-4-0314,WC,10,0.0718,0.0832,0.0593,-6.05,0.2343,0.3,0.0333,-0.0657,137.203,,
conv_human_ai_wildchat_0031,human_ai,human,gpt-3.5-turbo-0301,WC,18,0.0567,0.1106,0.1781,-5.3113,0.2342,0.1111,0.3333,0.2354,67.9375,,
conv_human_ai_wildchat_0032,human_ai,human,gpt-4-0314,WC,8,0.0202,0.0549,0.049,22.9643,0.2968,0.5,0.0,-0.02,246.9806,,
conv_human_ai_wildchat_0033,human_ai,human,gpt-3.5-turbo-0301,WC,14,0.0163,0.0781,0.1601,7.8022,0.2322,0.2857,0.3333,0.067,90.5983,,
conv_human_ai_wildchat_0034,human_ai,human,gpt-4-0314,WC,20,0.0041,0.0587,0.2822,1.1947,0.3426,0.55,0.0769,0.0057,69.2059,,
conv_human_ai_wildchat_0035,human_ai,human,gpt-3.5-turbo-0301,WC,18,0.0119,0.0326,0.1079,-1.6299,0.2849,0.3333,0.0,0.1327,143.6302,,
conv_human_ai_wildchat_0036,human_ai,human,gpt-3.5-turbo-0301,WC,8,0.0604,0.0572,0.316,5.2857,0.4028,0.375,0.4167,0.1476,32.5068,,
conv_human_ai_wildchat_0037,human_ai,human,gpt-3.5-turbo-0301,WC,10,0.5515,0.2127,0.1701,21.3833,0.0881,0.0,0.5455,-0.053,249.4596,,
conv_human_ai_wildchat_0038,human_ai,human,gpt-3.5-turbo-0301,WC,14,0.153,0.1064,0.1091,-19.9505,0.1,0.0714,0.4444,-0.0688,280.3858,,
conv_human_ai_wildchat_0039,human_ai,human,gpt-4-0314,WC,12,0.0,0.1873,0.0,14.6182,0.3371,0.9167,0.0488,0.0943,118.7911,,
conv_human_ai_wildchat_0040,human_ai,human,gpt-4-0314,WC,8,0.2409,0.0638,0.0903,12.5357,0.2656,0.0,0.0,-0.0513,224.9132,,
conv_human_ai_wildchat_0041,human_ai,human,gpt-4-0314,WC,20,0.0123,0.0505,0.4294,2.2737,0.2608,1.4,0.0,-0.0125,164.5566,,
conv_human_ai_wildchat_0042,human_ai,human,gpt-4-0314,WC,10,0.0071,0.0526,0.2604,-24.8833,0.3288,0.2,0.0735,0.0437,168.025,,
conv_human_ai_wildchat_0043,human_ai,human,gpt-4-0314,WC,16,0.0241,0.0707,0.3077,-5.2464,0.3892,0.3125,0.1935,0.3747,44.856,,
conv_human_ai_wildchat_0044,human_ai,human,gpt-3.5-turbo-0301,WC,8,0.0926,0.1275,0.0394,-63.7857,0.1434,0.125,0.2245,-0.4232,264.1463,,
conv_human_ai_wildchat_0045,human_ai,human,gpt-3.5-turbo-0301,WC,20,0.0013,0.0225,0.0,3.0596,0.4436,0.15,0.038,0.0888,69.3094,,
conv_human_ai_wildchat_0046,human_ai,human,gpt-3.5-turbo-0301,WC,20,0.0164,0.0766,0.4666,4.9439,0.3103,0.1,0.0461,0.0279,112.1072,,
conv_human_ai_wildchat_0047,human_ai,human,gpt-3.5-turbo-0301,WC,8,0.0,0.0945,0.1802,7.2143,0.4739,0.75,0.0278,-0.1401,42.9566,,
conv_human_ai_wildchat_0048,human_ai,human,gpt-3.5-turbo-0301,WC,18,0.0,0.0554,0.0,-1.8701,0.2111,0.2222,0.0667,0.0632,90.4819,,
conv_human_ai_wildchat_0049,human_ai,human,gpt-4-0314,WC,8,0.2118,0.0505,1.2987,2.1071,0.4221,0.125,0.125,-0.105,16.7795,,
conv_human_ai_wildchat_0050,human_ai,human,gpt-4-0314,WC,8,0.0165,0.0471,0.7157,25.25,0.3589,0.125,0.0566,-0.1169,139.6985,,
conv_human_ai_wildchat_0051,human_ai,human,gpt-4-0314,WC,14,0.2032,0.1479,0.1604,13.6099,0.2879,0.2143,0.0882,0.0605,85.7899,,
conv_human_ai_wildchat_0052,human_ai,human,gpt-4-0314,WC,20,0.446,0.3455,0.0164,-3.6579,0.1372,0.0,0.1457,0.026,107.8681,,
conv_human_ai_wildchat_0053,human_ai,human,gpt-4-0314,WC,10,0.0021,0.0344,0.1863,-22.4333,0.3726,0.2,0.0364,0.0339,213.9252,,
conv_human_ai_wildchat_0054,human_ai,human,gpt-3.5-turbo-0301,WC,16,0.1547,0.0311,0.0,1.1107,0.3733,0.375,0.0571,-0.1888,15.2622,,
conv_human_ai_wildchat_0055,human_ai,human,gpt-3.5-turbo-0301,WC,10,0.0086,0.0631,0.1089,-14.35,0.3056,0.0,0.0833,0.0291,170.2364,,
conv_human_ai_wildchat_0056,human_ai,human,gpt-4-0314,WC,10,0.1161,0.1187,0.2103,4.5167,0.2289,0.0,0.0825,0.015,176.8948,,
conv_human_ai_wildchat_0057,human_ai,human,gpt-4-0314,WC,20,0.1558,0.1197,0.5985,0.4596,0.2055,0.0,0.1818,0.0421,77.5489,,
conv_human_ai_wildchat_0058,human_ai,human,gpt-4-0314,WC,8,0.2905,0.2175,0.0615,-185.0714,0.1373,0.0,0.0457,0.0094,876.989,,
conv_human_ai_wildchat_0059,human_ai,human,gpt-3.5-turbo-0301,WC,10,0.0316,0.1183,0.0,-11.15,0.4196,0.6,0.0339,-0.5545,63.2157,,
conv_human_ai_wildchat_0060,human_ai,human,gpt-3.5-turbo-0301,WC,14,0.0062,0.0322,0.0,5.6484,0.3027,0.0714,0.2857,0.0738,83.364,,
conv_human_ai_wildchat_0061,human_ai,human,gpt-4-0314,WC,8,0.037,0.1119,0.0872,-6.6071,0.333,0.0,0.0,0.0367,102.4107,,
conv_human_ai_wildchat_0062,human_ai,human,gpt-4-0314,WC,8,0.0037,0.01,0.0697,12.25,0.4324,0.0,0.0,0.0751,177.5033,,
conv_human_ai_wildchat_0063,human_ai,human,gpt-4-0314,WC,8,0.1278,0.1976,0.0,-4.9643,0.3558,0.5,0.0417,0.1224,47.5167,,
conv_human_ai_wildchat_0064,human_ai,human,gpt-3.5-turbo-0301,WC,10,0.0037,0.0703,0.0902,-76.9,0.2674,0.5,0.1765,0.0068,340.9743,,
conv_human_ai_wildchat_0065,human_ai,human,gpt-4-0314,WC,8,0.2243,0.0605,0.1505,47.5357,0.178,0.0,0.0214,0.0505,268.759,,
conv_human_ai_wildchat_0066,human_ai,human,gpt-4-0314,WC,8,0.013,0.1557,0.3151,-68.2857,0.3193,0.125,0.0488,-0.0828,165.7678,,
conv_human_ai_wildchat_0067,human_ai,human,gpt-3.5-turbo-0301,WC,8,0.0219,0.1133,0.1323,11.7143,0.2884,0.0,0.3889,0.0958,85.9217,,
conv_human_ai_wildchat_0068,human_ai,human,gpt-4-0314,WC,18,0.142,0.0686,0.0,11.6397,0.1108,0.3333,0.1364,0.019,260.0098,,
conv_human_ai_wildchat_0069,human_ai,human,gpt-3.5-turbo-0301,WC,18,0.0245,0.0863,0.0,-4.9951,0.2272,0.3333,0.1471,-0.051,126.3654,,
conv_human_ai_wildchat_0070,human_ai,human,gpt-4-0314,WC,8,0.0454,0.0802,0.0,-29.3571,0.3535,0.0,0.0096,-0.1472,171.93,,
conv_human_ai_wildchat_0071,human_ai,human,gpt-3.5-turbo-0301,WC,8,0.0239,0.0569,0.7407,1.9286,0.5778,0.0,0.5,0.1402,15.2864,,
conv_human_ai_wildchat_0072,human_ai,human,gpt-3.5-turbo-0301,WC,17,0.0,0.0225,0.0,-3.7853,0.4082,0.5882,0.1111,0.0324,123.6431,,
conv_human_ai_wildchat_0073,human_ai,human,gpt-4-0314,WC,20,0.0375,0.0408,0.0412,-5.4965,0.221,0.15,0.0088,0.2171,204.5972,,
conv_human_ai_wildchat_0074,human_ai,human,gpt-4-0314,WC,8,0.0069,0.0736,0.0,-0.8571,0.3616,0.375,0.022,0.1143,171.9823,,
conv_human_ai_wildchat_0075,human_ai,human,gpt-4-0314,WC,14,0.1689,0.0908,0.0296,0.4066,0.155,0.0,0.0267,0.0678,284.3507,,
conv_human_ai_wildchat_0076,human_ai,human,gpt-4-0314,WC,20,0.0654,0.1485,0.1852,2.0333,0.2019,2.15,0.0213,0.2529,105.9614,,
conv_human_ai_wildchat_0077,human_ai,human,gpt-3.5-turbo-0301,WC,8,0.4438,0.177,0.0,-1.1429,0.1607,0.0,0.0714,0.0144,105.5243,,
conv_human_ai_wildchat_0078,human_ai,human,gpt-3.5-turbo-0301,WC,16,0.1914,0.0317,0.0931,-13.8821,0.1881,0.125,0.0,-0.0164,215.133,,
conv_human_ai_wildchat_0079,human_ai,human,gpt-3.5-turbo-0301,WC,14,0.0292,0.0594,0.4283,-9.3187,0.379,0.4286,0.037,0.1892,74.131,,
conv_human_ai_wildchat_0080,human_ai,human,gpt-4-0314,WC,14,0.1425,0.2522,0.0232,-13.1429,0.1359,0.2857,0.0149,-0.071,203.9931,,
conv_human_ai_wildchat_0081,human_ai,human,gpt-3.5-turbo-0301,WC,8,0.0084,0.1257,0.9695,-23.3571,0.385,0.625,0.0,0.2894,79.9995,,
conv_human_ai_wildchat_0082,human_ai,human,gpt-4-0314,WC,8,0.3492,0.3213,0.0,-6.8214,0.2294,0.0,0.0941,0.0426,108.0706,,
conv_human_ai_wildchat_0083,human_ai,human,gpt-3.5-turbo-0301,WC,16,0.0654,0.2431,0.0945,-4.1679,0.189,0.125,0.049,0.0788,129.7255,,
conv_human_ai_wildchat_0084,human_ai,human,gpt-3.5-turbo-0301,WC,20,0.0229,0.1138,0.0,0.5368,0.1985,0.9,0.0112,0.345,75.1023,,
conv_human_ai_wildchat_0085,human_ai,human,gpt-3.5-turbo-0301,WC,8,0.0217,0.0201,0.1036,24.8571,0.342,0.5,0.0,-0.021,130.8347,,
conv_human_ai_wildchat_0086,human_ai,human,gpt-4-0314,WC,8,0.0197,0.0041,0.0,-54.1786,0.3564,0.0,0.0612,-0.0404,248.402,,
conv_human_ai_wildchat_0087,human_ai,human,gpt-3.5-turbo-0301,WC,8,0.1365,0.1387,0.0,8.7143,0.3465,0.5,0.0833,0.3121,44.3934,,
conv_human_ai_wildchat_0088,human_ai,human,gpt-3.5-turbo-0301,WC,10,0.2853,0.2694,0.0,-6.3167,0.1825,0.2,0.0508,-0.0476,95.5151,,
conv_human_ai_wildchat_0089,human_ai,human,gpt-4-0314,WC,10,0.0013,0.0524,0.0,0.9833,0.4653,0.1,0.04,-0.0264,48.5267,,
conv_human_ai_wildchat_0090,human_ai,human,gpt-4-0314,WC,20,0.0155,0.0729,0.2754,-0.2526,0.3335,1.2,0.0481,0.0209,105.1267,,
conv_human_ai_wildchat_0091,human_ai,human,gpt-3.5-turbo-0301,WC,8,0.0391,0.1114,0.119,-19.8214,0.2464,0.0,0.0476,-0.0075,118.6927,,
conv_human_ai_wildchat_0092,human_ai,human,gpt-3.5-turbo-0301,WC,8,0.0294,0.0974,0.0,5.6071,0.1983,0.0,0.0,0.1443,338.8488,,
conv_human_ai_wildchat_0093,human_ai,human,gpt-3.5-turbo-0301,WC,12,0.0337,0.0543,0.2901,-12.6091,0.2708,0.25,0.0513,-0.0098,103.1004,,
conv_human_ai_wildchat_0094,human_ai,human,gpt-3.5-turbo-0301,WC,12,0.0094,0.0922,0.0,0.7818,0.5,0.0,0.0,-0.2,5.7266,,
conv_human_ai_wildchat_0095,human_ai,human,gpt-3.5-turbo-0301,WC,10,0.004,0.0468,0.276,-4.15,0.3514,0.2,0.069,-0.0149,199.7743,,
conv_human_ai_wildchat_0096,human_ai,human,gpt-4-0314,WC,18,0.0184,0.1076,0.1726,-5.9191,0.2518,1.2222,0.0348,-0.016,184.0335,,
conv_human_ai_wildchat_0097,human_ai,human,gpt-3.5-turbo-0301,WC,20,0.052,0.2606,0.0727,-3.2491,0.1799,0.35,0.0317,-0.0463,151.3007,,
conv_human_ai_wildchat_0098,human_ai,human,gpt-3.5-turbo-0301,WC,16,0.0888,0.0649,0.0,6.0393,0.1821,0.125,0.1579,0.0008,138.5154,,
conv_human_ai_wildchat_0099,human_ai,human,gpt-3.5-turbo-0301,WC,8,0.0193,0.0431,0.2121,5.6071,0.2222,0.0,0.0145,-0.0969,218.9851,,
conv_human_human_personachat_0000,human_human,human,human,PC,13,0.0073,0.1153,1.2195,-0.0315,0.5488,0.5385,0.0,-0.2242,3.0035,,
conv_human_human_personachat_0001,human_human,human,human,PC,13,0.0,0.0695,0.0,-0.2552,0.6829,0.2308,0.0,0.2967,2.3848,,
conv_human_human_personachat_0002,human_human,human,human,PC,11,0.0044,0.0643,0.0,-0.6848,0.6791,0.1818,0.0,-0.3097,3.1953,,
conv_human_human_personachat_0003,human_human,human,human,PC,15,0.0,0.0767,0.0,0.0176,0.5865,0.2,0.0,-0.2548,2.2991,,
conv_human_human_personachat_0004,human_human,human,human,PC,13,0.0,0.0483,0.0,-0.5909,0.58,0.3077,0.0,0.0219,3.5463,,
conv_human_human_personachat_0005,human_human,human,human,PC,15,0.0,0.0677,0.0,-0.1736,0.632,0.2667,0.0,0.3296,2.2599,,
conv_human_human_personachat_0006,human_human,human,human,PC,13,0.0,0.0653,1.4493,-0.2133,0.7101,0.2308,0.0,-0.1639,3.2264,,
conv_human_human_personachat_0007,human_human,human,human,PC,15,0.0,0.0996,0.0,-0.2264,0.5827,0.0667,0.0,0.1458,3.3082,,
conv_human_human_personachat_0008,human_human,human,human,PC,15,0.0,0.074,0.7576,0.2484,0.6288,0.1333,0.0,-0.2841,3.8446,,
conv_human_human_personachat_0009,human_human,human,human,PC,15,0.0,0.0753,0.0,-0.0945,0.6562,0.4,0.0,-0.0295,2.1771,,
conv_human_human_personachat_0010,human_human,human,human,PC,13,0.0,0.0784,0.7353,-0.5105,0.6985,0.1538,0.0,-0.0974,3.4601,,
conv_human_human_personachat_0011,human_human,human,human,PC,13,0.0,0.0667,0.0,0.0245,0.6435,0.3846,0.0,-0.1942,3.562,,
conv_human_human_personachat_0012,human_human,human,human,PC,11,0.0,0.0977,0.0,-0.4727,0.6869,0.7273,0.0,-0.1073,2.1541,,
conv_human_human_personachat_0013,human_human,human,human,PC,15,0.0,0.0846,0.0,-0.0857,0.6667,0.3333,0.0,0.0627,2.3134,,
conv_human_human_personachat_0014,human_human,human,human,PC,15,0.0,0.0654,0.5618,0.3055,0.6685,0.3333,0.0,-0.1016,2.9425,,
conv_human_human_personachat_0015,human_human,human,human,PC,15,0.0067,0.091,0.0,0.0549,0.5909,0.4,0.0,0.1389,3.5492,,
conv_human_human_personachat_0016,human_human,human,human,PC,11,0.0053,0.0929,0.0,-0.2788,0.6242,0.5455,0.0,-0.3295,2.7641,,
conv_human_human_personachat_0017,human_human,human,human,PC,13,0.0,0.0591,0.0,-0.0874,0.6634,0.2308,0.0,0.2858,1.9347,,
conv_human_human_personachat_0018,human_human,human,human,PC,13,0.0,0.0682,1.3333,0.1923,0.6733,0.3077,0.0,0.0613,2.9849,,
conv_human_human_personachat_0019,human_human,human,human,PC,13,0.0,0.047,0.6993,0.2587,0.6503,0.6154,0.0,0.0164,3.0641,,
conv_human_human_personachat_0020,human_human,human,human,PC,15,0.0045,0.1014,0.0,0.1802,0.5796,0.5333,0.0,-0.0038,2.7218,,
conv_human_human_personachat_0021,human_human,human,human,PC,15,0.0,0.0216,2.5806,-0.1802,0.6903,0.2667,0.0,0.2872,2.638,,
conv_human_human_personachat_0022,human_human,human,human,PC,11,0.0,0.0744,0.0,0.4,0.6783,0.6364,0.0,-0.3324,3.747,,
conv_human_human_personachat_0023,human_human,human,human,PC,11,0.0317,0.1366,0.0,0.3273,0.5946,0.8182,0.0,-0.2813,2.5377,,
conv_human_human_personachat_0024,human_human,human,human,PC,13,0.0,0.0922,0.8929,-0.2762,0.6607,0.5385,0.0,0.6937,3.0127,,
conv_human_human_personachat_0025,human_human,human,human,PC,15,0.0045,0.1074,0.0,-0.222,0.5357,0.3333,0.0,-0.2442,2.9076,,
conv_human_human_personachat_0026,human_human,human,human,PC,11,0.0,0.0663,0.0,-0.3152,0.7132,0.2727,0.0,0.0387,2.2271,,
conv_human_human_personachat_0027,human_human,human,human,PC,13,0.0,0.1009,0.0,-0.5804,0.5766,0.3846,0.0,-0.036,3.4881,,
conv_human_human_personachat_0028,human_human,human,human,PC,15,0.014,0.0826,0.0,-0.2088,0.6438,0.0667,0.0,-0.0126,3.4144,,
conv_human_human_personachat_0029,human_human,human,human,PC,15,0.0,0.0761,0.565,-0.0703,0.5932,0.2667,0.0,-0.0617,2.9932,,
conv_human_human_personachat_0030,human_human,human,human,PC,15,0.0,0.0897,0.0,-0.2945,0.5594,0.5333,0.0,0.1689,3.1266,,
conv_human_human_personachat_0031,human_human,human,human,PC,15,0.0035,0.1218,0.0,-0.0725,0.5598,0.4,0.0,-0.1294,2.7039,,
conv_human_human_personachat_0032,human_human,human,human,PC,15,0.0,0.0346,0.0,-0.2835,0.728,0.2667,0.0,-0.1288,2.9563,,
conv_human_human_personachat_0033,human_human,human,human,PC,15,0.0,0.0994,0.0,0.0835,0.6395,0.4,0.0,0.2323,3.8518,,
conv_human_human_personachat_0034,human_human,human,human,PC,15,0.0,0.0904,0.0,-0.0176,0.6283,0.3333,0.0,-0.883,2.684,,
conv_human_human_personachat_0035,human_human,human,human,PC,15,0.0,0.0315,0.0,0.1868,0.6887,0.0667,0.0,-0.14,2.5685,,
conv_human_human_personachat_0036,human_human,human,human,PC,13,0.0,0.0263,0.8475,-0.2273,0.7373,0.1538,0.0,-0.0391,3.0856,,
conv_human_human_personachat_0037,human_human,human,human,PC,13,0.0,0.063,0.6993,0.0559,0.6294,0.3846,0.0,-0.245,2.3274,,
conv_human_human_personachat_0038,human_human,human,human,PC,15,0.0,0.0697,0.0,0.0967,0.5874,0.2667,0.0,-0.135,4.1723,,
conv_human_human_personachat_0039,human_human,human,human,PC,11,0.0048,0.0839,0.0,-0.6848,0.6547,0.5455,0.0,-0.162,2.3345,,
conv_human_human_personachat_0040,human_human,human,human,PC,15,0.0,0.0897,1.7647,-0.2242,0.6235,0.1333,0.0,-0.0475,2.8392,,
conv_human_human_personachat_0041,human_human,human,human,PC,13,0.0045,0.1022,0.0,0.3776,0.6286,0.3077,0.0,0.0688,2.8235,,
conv_human_human_personachat_0042,human_human,human,human,PC,15,0.0,0.1069,0.0,0.1297,0.6293,0.1333,0.0,-0.3179,1.6241,,
conv_human_human_personachat_0043,human_human,human,human,PC,11,0.0,0.0753,0.8065,-0.3091,0.6613,0.0909,0.0,0.0012,2.7,,
conv_human_human_personachat_0044,human_human,human,human,PC,15,0.0,0.0562,0.0,-0.0505,0.5581,0.2667,0.0,0.2894,2.6351,,
conv_human_human_personachat_0045,human_human,human,human,PC,13,0.0,0.07,1.4286,0.1748,0.6286,0.4615,0.0,0.4461,2.8431,,
conv_human_human_personachat_0046,human_human,human,human,PC,15,0.0,0.0685,0.6494,-0.4505,0.6494,0.2,0.0,-0.0092,3.8286,,
conv_human_human_personachat_0047,human_human,human,human,PC,13,0.0,0.0459,0.0,0.507,0.7214,0.2308,0.0,0.0,3.6846,,
conv_human_human_personachat_0048,human_human,human,human,PC,15,0.0,0.0723,1.4184,-0.1934,0.6241,0.3333,0.0,-0.0768,2.5555,,
conv_human_human_personachat_0049,human_human,human,human,PC,13,0.0,0.0462,1.5504,0.2238,0.6124,0.2308,0.0,-0.4737,3.3665,,
conv_human_human_personachat_0050,human_human,human,human,PC,15,0.0,0.0713,0.0,0.1143,0.6228,0.2667,0.0,-0.2378,2.462,,
conv_human_human_personachat_0051,human_human,human,human,PC,11,0.0,0.0631,0.6944,-0.4242,0.6597,0.0909,0.0,0.0821,1.99,,
conv_human_human_personachat_0052,human_human,human,human,PC,13,0.0,0.0406,0.0,0.2273,0.7317,0.3846,0.0,-0.4395,3.6846,,
conv_human_human_personachat_0053,human_human,human,human,PC,13,0.0,0.0918,0.0,-0.3007,0.693,0.3846,0.0,-0.0495,3.1579,,
conv_human_human_personachat_0054,human_human,human,human,PC,15,0.011,0.0707,3.8462,-0.244,0.6923,0.1333,0.0,-0.1313,2.1105,,
conv_human_human_personachat_0055,human_human,human,human,PC,15,0.0,0.0545,1.2422,0.2176,0.6211,0.2667,0.0,0.0151,2.6235,,
conv_human_human_personachat_0056,human_human,human,human,PC,13,0.0,0.0553,0.0,0.2133,0.7229,0.6923,0.0,-0.21,2.6913,,
conv_human_human_personachat_0057,human_human,human,human,PC,13,0.0108,0.1164,1.6129,-0.0874,0.5968,0.4615,0.0,0.0758,2.1779,,
conv_human_human_personachat_0058,human_human,human,human,PC,15,0.0,0.1117,0.5917,0.2637,0.645,0.2,0.0,-0.0563,2.8643,,
conv_human_human_personachat_0059,human_human,human,human,PC,13,0.0,0.0899,0.0,-0.0035,0.6532,0.4615,0.0,-0.0334,2.1779,,
conv_human_human_personachat_0060,human_human,human,human,PC,11,0.0093,0.0415,0.0,0.103,0.686,0.4545,0.0,0.1225,2.5475,,
conv_human_human_personachat_0061,human_human,human,human,PC,11,0.0,0.1178,0.0,-0.3939,0.6303,0.1818,0.0,0.2357,3.0676,,
conv_human_human_personachat_0062,human_human,human,human,PC,15,0.0,0.0457,0.0,-0.022,0.6718,0.5333,0.0,-0.2591,3.295,,
conv_human_human_personachat_0063,human_human,human,human,PC,13,0.007,0.1033,0.8,-0.1049,0.648,0.3077,0.0,-0.0766,3.559,,
conv_human_human_personachat_0064,human_human,human,human,PC,13,0.0,0.1109,0.8929,-0.0105,0.6429,0.3846,0.0,-0.075,2.8124,,
conv_human_human_personachat_0065,human_human,human,human,PC,13,0.0,0.0463,0.7353,-0.3986,0.6471,0.2308,0.0,0.3,3.0777,,
conv_human_human_personachat_0066,human_human,human,human,PC,15,0.0,0.0871,0.0,0.044,0.6011,0.3333,0.0,0.1289,1.3851,,
conv_human_human_personachat_0067,human_human,human,human,PC,15,0.0,0.0846,1.2987,0.0637,0.6234,0.0667,0.0,0.1719,2.1911,,
conv_human_human_personachat_0068,human_human,human,human,PC,13,0.0,0.0731,0.0,-0.0559,0.6847,0.5385,0.0,-0.1408,2.3746,,
conv_human_human_personachat_0069,human_human,human,human,PC,13,0.0,0.0509,2.1739,-0.0874,0.6667,0.2308,0.0,0.0423,2.5967,,
conv_human_human_personachat_0070,human_human,human,human,PC,13,0.0,0.0594,0.7194,-0.1364,0.7122,0.3846,0.0,-0.065,2.9849,,
conv_human_human_personachat_0071,human_human,human,human,PC,15,0.0085,0.056,0.0,-0.1648,0.6438,0.1333,0.25,-0.1141,2.3441,,
conv_human_human_personachat_0072,human_human,human,human,PC,15,0.0,0.082,1.3158,0.1187,0.6645,0.0667,0.0,-0.2472,2.8997,,
conv_human_human_personachat_0073,human_human,human,human,PC,11,0.0,0.0598,0.0,-0.2727,0.7143,0.0909,0.5,-0.1149,1.7349,,
conv_human_human_personachat_0074,human_human,human,human,PC,13,0.0,0.0688,1.6807,0.1084,0.6555,0.2308,0.0,0.103,1.9773,,
conv_human_human_personachat_0075,human_human,human,human,PC,15,0.0,0.0765,1.2821,-0.0286,0.6154,0.4,0.0,-0.0541,2.858,,
conv_human_human_personachat_0076,human_human,human,human,PC,13,0.0,0.0661,0.0,-0.2762,0.6544,0.3846,0.0,-0.1217,3.451,,
conv_human_human_personachat_0077,human_human,human,human,PC,15,0.0,0.0624,0.0,-0.2747,0.6188,0.1333,0.0,0.0921,3.2616,,
conv_human_human_personachat_0078,human_human,human,human,PC,13,0.026,0.1299,0.0,0.5944,0.56,0.3846,0.0,-0.4736,3.2404,,
conv_human_human_personachat_0079,human_human,human,human,PC,15,0.0,0.0656,3.9326,-0.2044,0.6292,0.2,0.0,-0.0663,3.4144,,
conv_human_human_personachat_0080,human_human,human,human,PC,15,0.0,0.0468,0.0,-0.1868,0.6747,0.0,0.0,-0.2131,2.8723,,
conv_human_human_personachat_0081,human_human,human,human,PC,15,0.014,0.0647,0.0,0.1275,0.6584,0.2,0.0,0.1341,2.7738,,
conv_human_human_personachat_0082,human_human,human,human,PC,15,0.004,0.0624,1.3889,-0.0462,0.6389,0.2,0.0,-0.025,2.9632,,
conv_human_human_personachat_0083,human_human,human,human,PC,11,0.0,0.1253,0.0,0.3273,0.6262,0.7273,0.0,0.3134,2.1354,,
conv_human_human_personachat_0084,human_human,human,human,PC,15,0.0,0.124,0.0,-0.3495,0.5986,0.2,0.0,-0.0167,3.2989,,
conv_human_human_personachat_0085,human_human,human,human,PC,15,0.0031,0.0821,0.0,0.2286,0.6,0.6667,0.0,-0.0519,4.1821,,
conv_human_human_personachat_0086,human_human,human,human,PC,13,0.0,0.0532,0.0,-0.1538,0.7222,0.0769,0.0,-0.0229,2.8382,,
conv_human_human_personachat_0087,human_human,human,human,PC,13,0.0,0.08,0.0,-0.4755,0.625,0.1538,0.0,0.0006,3.2617,,
conv_human_human_personachat_0088,human_human,human,human,PC,11,0.0,0.0926,0.0,-0.1636,0.65,0.3636,0.0,-0.438,3.3242,,
conv_human_human_personachat_0089,human_human,human,human,PC,15,0.0,0.0557,0.0,0.0923,0.6985,0.0667,0.0,0.1983,1.7728,,
conv_human_human_personachat_0090,human_human,human,human,PC,15,0.0,0.0468,0.0,0.2,0.6716,0.2,0.0909,-0.0797,2.2418,,
conv_human_human_personachat_0091,human_human,human,human,PC,15,0.0038,0.0934,1.2821,0.2967,0.5641,0.6667,0.0,-0.0198,2.5803,,
conv_human_human_personachat_0092,human_human,human,human,PC,15,0.0,0.0418,0.0,-0.0945,0.7222,0.6,0.0,-0.5021,1.3721,,
conv_human_human_personachat_0093,human_human,human,human,PC,13,0.0,0.1144,0.8264,-0.1678,0.6281,0.2308,0.0,0.4172,2.8674,,
conv_human_human_personachat_0094,human_human,human,human,PC,13,0.0,0.0877,0.0,0.4406,0.637,0.3077,0.0,0.0326,2.8868,,
conv_human_human_personachat_0095,human_human,human,human,PC,17,0.0,0.084,1.0753,0.2162,0.5376,0.4706,0.0,0.1734,2.8879,,
conv_human_human_personachat_0096,human_human,human,human,PC,15,0.0,0.0583,0.0,0.0176,0.6783,0.4667,0.0,-0.4058,2.5595,,
conv_human_human_personachat_0097,human_human,human,human,PC,13,0.0065,0.0719,0.0,0.2692,0.6016,0.6923,0.0,-0.4126,2.8025,,
conv_human_human_personachat_0098,human_human,human,human,PC,11,0.0048,0.1091,0.8621,-0.1212,0.6121,0.8182,0.0,-0.0898,2.358,,
conv_human_human_personachat_0099,human_human,human,human,PC,15,0.0,0.0799,1.0363,0.0505,0.5855,0.4,0.0,-0.3836,2.3046,,
